Camps etc time stayed in each
Holdsworthy ? August 23rd till Sept 15th 1915
Liverpool ? Sept 15th till Nov 29 1915
Casula ? Nov 29th till Dec 23rd 1915
At Sea ? Dec 23rd till Jan 21st 1916
Heliopolis ? Jan 21st till Feb 14th 1916
Tel-el-Kebir ? Feb 14th till Feb 29th 1916
East Serapeum - Feb 29th till Mar 21st 1916
At sea ? Mar 22nd till Mar 28th 1916
In Train (France) ? Mar 29th till Mar 31st 1916
Wollon Cappel ? Mar 31st till April 10th 1916
Moolanacker ? April 10th till April 20th 1916
Rouge de-Bout ? April 20th till May 3rd 1916
 (Fleur Baix) 
Trenches ? May 3rd till May 19th 1916
Croix de-Bac ? May 19th till June 9th 1916
Fleur Baix ? June 9th till June 23rd 1916
Trenches ? June 23rd till July 4th
Sailly - July 5th till July 9th
Merris ? July 9th till July 10th
St. Ouens - July 11th till July 12th
Vignacourt - July 12th till July 13th
Allonville ? July 13th till July 16th
Warloy-Baillon July 16th till July 19th
Trenches ? July 19th till July 26th
Albert ? July 26th till July 27th
Vadencourt ? July 27th till July 28th
La. Vicogne ? July 28th till July 29th
Bonneville ? July 29th till July 30th 
Pernois - July 30th till August 9th
La Vicoque ? August 9th till August 10th
Herissart ? August 10th till August 14th
Vadencourt August 14th till August 15th
Albert ? August 15th till August night 15th