Letters written
To whom ? Where from ? Date
Mother and France ? Sutton Veny ? Fri Jan 18th
Nell ? " " ? Sun " 27
Mrs Pudney and Ruth B. ? Sun Feb 3
Com. Bank - - Tues " 5
Mother - - Wed " 6
France and P. Cards to Lill - - Tues " 12
Stan Wright - - Fri 15 
Mrs Sam and Ern Harvey - - " "
Ruth B. - - " 22
France - - Wed 29th
Cis and Eric Hesford, Mother - - Sun Mar 3
Mrs Bradley (Charley's Father) - - Thur " 7
France - - Wed " 13
Mother - - Fri " 22
Nell - - Sun " 31
Mrs Sam - - Tues Ap 9
France and Mother - - Mon " 15
Mother - - Sat May 3
Ruth B. - - Fri " 2
Aunt Nell and Mrs Pudney - - Tues " 7
Lill. Eric Herford and Nell - - Sat " 11
France and Com. Bank and Kath - - Sun " 12
Stance - - " Jun 2
Mrs Sam and Ern Harvey - - Sat " 18
Mother and Post Cards to Lill - - Mon June 10
Mrs Sam and Tamblyn - - Sat " 22
Mother - - Sun " 23
France - - " " 30
Nell - - Wed Aug 1
Mother ? Westham ? Sun Jul 7
Ruth ? " ? Mon " 8
France ? " ? Sun " 14
Mother ? " ? Wed " 19
Nell ? " ? Fri " 19
Mother ? " ? Thur " 25
Arthur ? " ? Sun Aug 4
Mother ? Le Havre ? Mon Sept 16
France ? " ? Wed " 18
Nell and Xmas Cards ? " ? Oct 4
France ? " ? " 4
Cards to Kath, Dave and Arthur - - " 4
Little Parcel to "Young Hook" - - Wed 9
Mother and Xmas Card - - " "
Mrs Pudney - - Wed 16
Mother and Mrs Sam - - Fri 25
Mother - - Tues Nov 26
Ruth and Mrs Sam - - Wed Dec 18
Nell, Bert Hunt - - Thur 19
Mother - - Mon 23
Ruth about Writing Pad - - Mon 30.